Workbook

Sheet Overview
A1: 바이모달 트램 | 대본·큐시트·Flow 생성표 R3
A2: 2026-10-08 · 흥행(생활 훅·반전·수미상관) × 정확성(원리/기록/원인/비용 분리) · Google Flow 단독 생성
A4: 항목 | B4: 설정
A5: 기준 FPS | B5: 24
A6: 쇼츠 목표(초) | B6: 58
A7: 롱폼 목표(초) | B7: 600
A8: 쇼츠 규격 | B8: 9:16 · 1080×1920 · Veo 네이티브 세로 생성
A9: 롱폼 규격 | B9: 16:9 · 1920×1080 · 쇼츠 키프레임을 참조로 16:9 쌍둥이 재생성
A10: 쇼츠 제목 | B10: 버스정류장 바닥만 콘크리트인 이유
A11: 롱폼 제목 | B11: 자석 따라 달리는 국산 트램, 도로는 버텼을까?
A12: 타깃 | B12: 45~75세 남성 · 교통·기계 관심층 (채널 실측 데이터 미조회, 편집 판단)
A13: 낭독 기준 | B13: 쇼츠 5.4음절/초 · 롱폼 4.9음절/초 + 컷 사이 쉼 (명목, 녹음 후 재조정)
A14: 프레임 규약 | B14: 0-based / end-exclusive
A16: 검산 | B16: 샷 수 / 합계(초) / 차이(초)
A17: Short_R3 | B17: =COUNTA(Short_R3!A6:A20) | C17: =SUM(Short_R3!D6:D20) | D17: =C17-B6
A18: Long_R3 | B18: =COUNTA(Long_R3!A6:A47) | C18: =SUM(Long_R3!E6:E47) | D18: =C18-B7
A20: 읽는 순서 | B20: Overview → Short_R3 / Long_R3 → Flow_KF → Flow_Clips → Sources / Claims → QA
A21: 핵심 컷 | B21: S09–S11 (10.5초): 바퀴가 떠난 뒤 카메라가 남는다 → 얕은 잔류 → 쇠자 밑 빛 틈. 이 구간이 안 읽히면 나머지를 만들지 않는다.
A22: 상태 | B22: 대본·명목 큐·생성 프롬프트 작성 완료. Flow 생성·TTS·편집·렌더는 미수행. 근거 F01·F12–F14는 녹음 전 원문 재대조 필요.

Sheet Short_R3
A1: SHORT 58 | 버스정류장 바닥만 콘크리트인 이유
A3: 시작·종료 초만 수정 · 길이·프레임은 수식 · ★ = 핵심 구간 · 음절/초 6.5 초과는 빠름
A5: 샷 | B5: 시작(초) | C5: 종료(초) | D5: 길이(초) | E5: 시작F | F5: 종료F(미포함) | G5: 내레이션 | H5: 음절 | I5: 음절/초 | J5: 역할 | K5: 화면 | L5: 카메라 | M5: SFX·음악 | N5: 키프레임 | O5: Flow 생성 | P5: 검수 핵심 | Q5: 근거 | R5: 근거 URL | S5: 상태
A6: S01 | B6: 0 | C6: 4 | D6: =C6-B6 | E6: =B6*Overview!$B$5 | F6: =C6*Overview!$B$5 | G6: 정류장 앞에만 콘크리트 판을 깐 도로, 보신 적 있으십니까? | H6: 23 | I6: 5.75 | J6: 훅 · 생활 관찰 | K6: 노면 높이 로우앵글. 첫 프레임부터 버스 뒷바퀴가 화면을 빠져나가고, 카메라는 남아 줄눈이 반듯한 콘크리트 판과 그 앞 아스팔트의 두 줄 홈을 보여준다. | L6: 고정 → 마지막 1초 아주 느린 푸시인 | M6: 버스 출발음, 공기 브레이크 해제음 1회. 인트로 음악 없음 | N6: KF01 | O6: F2V 시작=KF01 | P6: 첫 프레임에 이미 홈과 판이 보이는가 / 노면 글자·노선번호 없음 | Q6: F12; F13 | R6: https://mediahub.seoul.go.kr/archives/1288523 https://koreascience.kr/article/CFKO201123552845418.pdf | S6: 생성 전
A7: S02 | B7: 4 | C7: 8 | D7: =C7-B7 | E7: =B7*Overview!$B$5 | F7: =C7*Overview!$B$5 | G7: 멋이 아닙니다. 아스팔트로는 버티기 힘든 자리라서죠. | H7: 22 | I7: 5.5 | J7: 긴장 | K7: 수직 부감으로 전환. 붉은 버스차로 안에 색이 다른 직사각형 판 구간이 놓이고, 판 직전 아스팔트에만 바퀴 자국 두 줄이 짙게 보인다. | L7: 수직 부감 고정, 아주 느린 하강 | M7: 도시 환경음, 주행음 멀리 | N7: KF02 | O7: F2V 시작=KF02 | P7: 부감에서 판 구간과 홈 구간이 한눈에 대비되는가 | Q7: F12; F13 | R7: https://mediahub.seoul.go.kr/archives/1288523 https://koreascience.kr/article/CFKO201123552845418.pdf | S7: 생성 전
A8: S03 | B8: 8 | C8: 12 | D8: =C8-B8 | E8: =B8*Overview!$B$5 | F8: =C8*Overview!$B$5 | G8: 무거운 버스가 매번 같은 자리에 서고, 다시 출발하니까요. | H8: 23 | I8: 5.75 | J8: 원리 1 · 정차 | K8: 버스 앞바퀴가 감속해 판 직전 홈 위에 멈춘다. 타이어 옆면과 노면이 한 화면. | L8: 타이어 높이 측면 고정 | M8: 감속 타이어음, 공기 브레이크 쉬익 | N8: KF03 | O8: F2V 시작=KF03 | P8: 바퀴가 홈 안쪽에 정확히 정지 / 타이어 회전과 이동 속도 일치 | Q8: F08 | R8: https://www.kci.go.kr/kciportal/ci/sereArticleSearch/ciSereArtiView.kci?sereArticleSearchBean.artiId=ART001685955 | S8: 생성 전
A9: S04 | B9: 12 | C9: 15.5 | D9: =C9-B9 | E9: =B9*Overview!$B$5 | F9: =C9*Overview!$B$5 | G9: 서울시도 일부 정류장을 이렇게 바꿔 왔습니다. | H9: 19 | I9: 5.43 | J9: 실제 대응 | K9: 야간 공사 재현. 크레인이 공장에서 만든 콘크리트 판 한 장을 정류장 차로에 내려놓는다. 작업자는 멀리, 얼굴 없음. | L9: 중거리 고정, 판이 내려앉는 순간까지 | M9: 크레인 모터, 판이 자리 잡는 둔한 소리 | N9: KF04 | O9: F2V 시작=KF04 | P9: '재현' 표기(편집) / 실제 공사 현장·기관 로고로 오인되지 않게 | Q9: F12 | R9: https://mediahub.seoul.go.kr/archives/1288523 | S9: 생성 전
A10: S05 | B10: 15.5 | C10: 20.5 | D10: =C10-B10 | E10: =B10*Overview!$B$5 | F10: =C10*Overview!$B$5 | G10: 그런데 정류장이 아니어도, 바퀴가 같은 줄로 모이는 버스가 있습니다. | H10: 28 | I10: 5.6 | J10: 전환 · 본론 진입 | K10: 굴절 차량이 유도 전용 차로로 다가온다. 차로 중앙에 둥근 마커가 일정 간격으로 박혀 있다. | L10: 낮은 정면 3/4, 차량이 화면을 채울 때까지 고정 | M10: 낮은 전기 구동음, 타이어 굴림 | N10: KF05 | O10: F2V 시작=KF05 | P10: 굴절부 1개·3축 유지 / 로고·번호 없음 | Q10: F02 | R10: https://www.kric.go.kr/jsp/industry/knp/railCommonSenceDetail.jsp?p_id1=A010031131&p_id2=159&pageNo=6&q_name=1 | S10: 생성 전
A11: S06 | B11: 20.5 | C11: 24.5 | D11: =C11-B11 | E11: =B11*Overview!$B$5 | F11: =C11*Overview!$B$5 | G11: 도로 속 자석을 따라 달리는, 국내 개발 바이모달 트램입니다. | H11: 24 | I11: 6 | J11: 대상 소개 | K11: 차체 하부 시점. 앞축 근처 센서 장치가 노면의 둥근 마커 위를 손 한 뼘 높이로 지나간다. 접촉·빛·레이저 없음. | L11: 노면 높이에서 차량 진행 방향으로 함께 이동(1회) | M11: 주행음만. 스캔음·비프 없음 | N11: KF06 | O11: F2V 시작=KF06 | P11: 센서와 마커 비접촉 / 빛나는 선·레이저 없음 | Q11: F01; F02 | R11: https://patents.google.com/patent/KR100972385B1/ko https://www.kric.go.kr/jsp/industry/knp/railCommonSenceDetail.jsp?p_id1=A010031131&p_id2=159&pageNo=6&q_name=1 | S11: 생성 전
A12: S07 | B12: 24.5 | C12: 28 | D12: =C12-B12 | E12: =B12*Overview!$B$5 | F12: =C12*Overview!$B$5 | G12: 스스로 길을 잡으니, 매번 거의 같은 줄을 지나가죠. | H12: 20 | I12: 5.71 | J12: 원리 2 · 집중 | K12: 높은 수직 부감. 유도 차로의 바퀴 자국은 두 줄의 좁은 띠로 겹치고, 연석 너머 일반 차로의 자국은 더 넓게 퍼져 있다. | L12: 수직 부감 고정 | M12: 통과음 리듬 2회 | N12: KF07 | O12: F2V 시작=KF07 | P12: 한 장의 연속 사진 / 두 차로가 같은 도로로 읽히는가 / 차량이 좌우로 흔들리지 않음 | Q12: F05; F09 | R12: https://www.fhwa.dot.gov/publications/research/operations/21015/21015.pdf https://mavmatrix.uta.edu/civilengineering_dissertations/417/ | S12: 생성 전
A13: S08 | B13: 28 | C13: 31 | D13: =C13-B13 | E13: =B13*Overview!$B$5 | F13: =C13*Overview!$B$5 | G13: 시험실에서는 이걸 바퀴 하나로 재현합니다. | H13: 18 | I13: 6 | J13: 실험 전환 | K13: 휠트래킹 시험기 전경. 하중판을 얹은 작은 바퀴가 아스팔트 시편 위를 한 줄로 오간다. | L13: 50mm 정면 고정 | M13: 시험기 모터, 규칙적인 굴림음 | N13: KF08 | O13: F2V 시작=KF08 | P13: 바퀴가 옆으로 움직이지 않음 / 계기판 숫자 없음 | Q13: F06 | R13: https://www.fhwa.dot.gov/publications/research/infrastructure/pavements/11045/003.cfm | S13: 생성 전
A14: S09 | B14: 31 | C14: 34 | D14: =C14-B14 | E14: =B14*Overview!$B$5 | F14: =C14*Overview!$B$5 | G14: 바퀴가 지나간 뒤를 보십시오. | H14: 12 | I14: 4 | J14: ★ 관찰 지시 | K14: 매크로. 바퀴가 시편을 누르고 화면 밖으로 굴러 나간다. 카메라는 바퀴를 따라가지 않는다. | L14: 저각 사광 매크로 고정 | M14: 굴림음 멀어짐, 음악 빠짐 | N14: KF09A→KF09B | O14: F2V 시작=KF09A 끝=KF09B | P14: 바퀴가 나간 뒤 카메라 정지 유지 | Q14: F07 | R14: https://link.springer.com/article/10.1186/s43065-023-00082-9 | S14: 생성 전
A15: S10 | B15: 34 | C15: 37.5 | D15: =C15-B15 | E15: =B15*Overview!$B$5 | F15: =C15*Overview!$B$5 | G15: 눌린 자리가, 다 돌아오지 않습니다. | H15: 14 | I15: 4 | J15: ★ 잔류변형 | K15: 같은 매크로 구도. 사광 그림자 안에 아주 얕은 눌림이 남아 있다. 골재는 단단한 형상 그대로. | L15: 고정(정지에 가까운 2초) | M15: 정적. 시험실 공조음만 | N15: KF09B | O15: TRIM(S09 클립 끝 2초) 또는 F2V 시작=끝=KF09B | P15: 눌림이 '파임'이 아니라 '얕은 잔류'로 읽히는가 / 골재 녹음·흐름 없음 | Q15: F07 | R15: https://link.springer.com/article/10.1186/s43065-023-00082-9 | S15: 생성 전
A16: S11 | B16: 37.5 | C16: 41.5 | D16: =C16-B16 | E16: =B16*Overview!$B$5 | F16: =C16*Overview!$B$5 | G16: 같은 줄을 수천 번 밟으면, 그 차이가 홈이 됩니다. | H16: 19 | I16: 4.75 | J16: ★ 누적 · 보상 | K16: 시간 압축. 바퀴가 오가는 동안 시편 표면에 홈이 깊어진다. 마지막에 쇠자를 가로로 얹으면 자 밑으로 빛이 새어 나온다. | L16: 45° 사광 고정, 자가 놓이는 순간까지 | M16: 굴림음 펄스가 빨라지다 멈춤 → 쇠자 내려놓는 금속음 1회 | N16: KF10A→KF10B | O16: F2V 시작=KF10A 끝=KF10B | P16: 자 밑 빛 틈이 보이는가 / 홈 양옆이 칼로 판 것처럼 날카롭지 않은가 / 숫자·눈금 판독 불가 | Q16: F06; F07 | R16: https://www.fhwa.dot.gov/publications/research/infrastructure/pavements/11045/003.cfm https://link.springer.com/article/10.1186/s43065-023-00082-9 | S16: 생성 전
A17: S12 | B17: 41.5 | C17: 44 | D17: =C17-B17 | E17: =B17*Overview!$B$5 | F17: =C17*Overview!$B$5 | G17: 그럼 개발진은 몰랐을까요? | H17: 11 | I17: 4.4 | J17: 반전 질문 | K17: 기록실 테이블. 스탠드 불이 켜진다. 덮인 회색 파일들, 돋보기. | L17: 정면 고정, 불 켜짐 1회 | M17: 스위치 딸깍, 실내 정적 | N17: KF11 | O17: F2V 시작=KF11 | P17: 읽히는 글자 없음 | Q17: — | S17: 생성 전
A18: S13 | B18: 44 | C18: 49 | D18: =C18-B18 | E18: =B18*Overview!$B$5 | F18: =C18*Overview!$B$5 | G18: 이천구년 관련 특허에, 변형 위험과 콘크리트 포장 대책이 이미 나옵니다. | H18: 29 | I18: 5.8 | J18: ★ 반전 · 근거 | K18: KF11 위에 실제 특허 서지 화면 캡처(번호·출원일·출원인)를 편집 합성. 해당 문단만 밑줄로 강조. | L18: 편집 줌 1회(합성 카드) | M18: 종이 넘김 1회 | N18: KF11 + 실제 문서 캡처 | O18: TRIM(S12 클립) + 편집 합성 | P18: 생성형 가짜 문서 금지 / 캡처는 KIPRIS·Google Patents 원문 | Q18: F01 | R18: https://patents.google.com/patent/KR100972385B1/ko | S18: 생성 전
A19: S14 | B19: 49 | C19: 52.5 | D19: =C19-B19 | E19: =B19*Overview!$B$5 | F19: =C19*Overview!$B$5 | G19: 남은 질문은 하나. 실제 도로에 적용했느냐입니다. | H19: 20 | I19: 5.71 | J19: 판단 기준 | K19: 현장으로 복귀. 장갑 낀 손이 실제 유도 차로의 바퀴 자국 위에 쇠자를 얹는다(시험실 S11과 같은 동작). | L19: 노면 높이 고정 | M19: 쇠자 금속음, 먼 차량음 | N19: KF19 | O19: F2V 시작=KF19 | P19: 결함 단정 없이 '확인 행위'로 읽히는가 | Q19: 분석 | S19: 생성 전
A20: S15 | B20: 52.5 | C20: 58 | D20: =C20-B20 | E20: =B20*Overview!$B$5 | F20: =C20*Overview!$B$5 | G20: 레일은 없앨 수 있어도, 길의 설계까지 없앨 수는 없습니다. | H20: 23 | I20: 5.11 | J20: 결론 · 수미상관 | K20: S01과 같은 정류장 로우앵글. 이번엔 굴절 유도 차량이 떠나고, 콘크리트 판과 길이 남는다. | L20: 고정. 차량 이탈 후 1초 유지 | M20: 떠나는 주행음 → 도시 환경음 1초 | N20: KF12 | O20: F2V 시작=KF12 | P20: 노면이 저절로 복원되는 역재생 금지 / S01과 구도 일치 | Q20: 종합 | S20: 생성 전

Sheet Long_R3
A1: LONG 10 | 자석 따라 달리는 국산 트램, 도로는 버텼을까?
A3: 시작·종료 초만 수정 · 한 주샷 안에서 관찰 대상 2–3개를 순차 공개 · Flow 클립은 8초 생성 후 트림
A5: 샷 | B5: 장 | C5: 시작(초) | D5: 종료(초) | E5: 길이(초) | F5: 시작F | G5: 종료F(미포함) | H5: 내레이션 | I5: 음절 | J5: 음절/초 | K5: 화면 | L5: SFX·음악 | M5: 키프레임 | N5: Flow 생성 | O5: 검수 핵심 | P5: 근거 | Q5: 근거 URL | R5: 상태
A6: C01 | B6: L01 콜드오픈 — 정류장 바닥의 두 줄 | C6: 0 | D6: 11.5 | E6: =D6-C6 | F6: =C6*Overview!$B$5 | G6: =D6*Overview!$B$5 | H6: 출근길 버스정류장 앞, 도로 한 구간만 네모난 콘크리트 판으로 깔린 곳이 있습니다. 판과 판 사이에는 반듯한 줄눈이 나 있죠. | I6: 49 | J6: 4.26 | K6: 정류장 로우앵글. 버스가 떠나며 판과 줄눈이 드러난다. | L6: 버스 출발음, 도시 환경음 | M6: KF01(16:9) | N6: ING 참조=KF01 · 8초×2 | O6: 쇼츠 S01과 같은 장소로 읽히는가 | P6: F12 | Q6: https://mediahub.seoul.go.kr/archives/1288523 | R6: 생성 전
A7: C02 | B7: L01 콜드오픈 — 정류장 바닥의 두 줄 | C7: 11.5 | D7: 22 | E7: =D7-C7 | F7: =C7*Overview!$B$5 | G7: =D7*Overview!$B$5 | H7: 그 바로 앞 아스팔트는 어떨까요. 바퀴 자국을 따라 살짝 내려앉고, 옆으로 밀려 낮은 물결처럼 솟은 곳도 보입니다. | I7: 45 | J7: 4.29 | K7: 판 직전 아스팔트를 사광으로 따라가는 슬라이더. 홈과 측방 융기. | L7: 환경음 낮춤 | M7: KF01-D | N7: F2V 시작=KF01-D · 8초×2 | O7: 융기는 낮고 완만하게. 깨짐·포트홀 과장 금지 | P7: F08; F13 | Q7: https://www.kci.go.kr/kciportal/ci/sereArticleSearch/ciSereArtiView.kci?sereArticleSearchBean.artiId=ART001685955 https://koreascience.kr/article/CFKO201123552845418.pdf | R7: 생성 전
A8: C03 | B8: L01 콜드오픈 — 정류장 바닥의 두 줄 | C8: 22 | D8: 36.5 | E8: =D8-C8 | F8: =C8*Overview!$B$5 | G8: =D8*Overview!$B$5 | H8: 오늘 이야기는 이 두 줄의 홈에서 시작합니다. 그리고 이 질문을, 정류장 밖 도로 전체로 넓혀 보게 만드는 차가 있습니다. 국내에서 개발된 바이모달 트램입니다. | I8: 63 | J8: 4.34 | K8: 두 줄 홈에서 틸트 업 → 멀리 유도 차로 위 굴절 차량 실루엣. | L8: 낮은 지속음 시작 | M8: KF01 → KF05 | N8: F2V 시작=KF01-D 끝=KF05(16:9) · 8초 | O8: 두 장소가 같은 도시 룩 | P8: F02 | Q8: https://www.kric.go.kr/jsp/industry/knp/railCommonSenceDetail.jsp?p_id1=A010031131&p_id2=159&pageNo=6&q_name=1 | R8: 생성 전
A9: C04 | B9: L01 콜드오픈 — 정류장 바닥의 두 줄 | C9: 36.5 | D9: 52.5 | E9: =D9-C9 | F9: =C9*Overview!$B$5 | G9: =D9*Overview!$B$5 | H9: 이런 차를 두고, 너무 정확하게 달려서 길을 망가뜨렸다는 이야기가 돌기도 합니다. 정말 그럴까요. 끝까지 보시면, 다음에 정류장에 섰을 때 발밑이 다르게 보이실 겁니다. | I9: 67 | J9: 4.19 | K9: 차량 앞바퀴 접지면으로 천천히 다가가 정지. | L9: 음악 낮추고 타이어 굴림 전면 | M9: KF05 | N9: ING 참조=KF05 · 8초×2 | O9: 결론을 미리 말하지 않는 질문형 | P9: — | R9: 생성 전
A10: C05 | B10: L02 정류장 바닥이 콘크리트인 이유 | C10: 52.5 | D10: 65 | E10: =D10-C10 | F10: =C10*Overview!$B$5 | G10: =D10*Overview!$B$5 | H10: 먼저 정류장부터 보겠습니다. 버스는 이곳에서 속도를 줄이고, 멈추고, 다시 출발합니다. 승객을 태우려고 매번 거의 같은 위치에 서죠. | I10: 53 | J10: 4.24 | K10: 버스 감속·정차·출발 3단계를 같은 측면 구도로 연결. | L10: 감속음, 공기 브레이크, 출발음 | M10: KF03 | N10: F2V 시작=KF03 · 8초×2 | O10: 정차 위치가 홈과 일치 | P10: F08 | Q10: https://www.kci.go.kr/kciportal/ci/sereArticleSearch/ciSereArtiView.kci?sereArticleSearchBean.artiId=ART001685955 | R10: 생성 전
A11: C06 | B11: L02 정류장 바닥이 콘크리트인 이유 | C11: 65 | D11: 84.5 | E11: =D11-C11 | F11: =C11*Overview!$B$5 | G11: =D11*Overview!$B$5 | H11: 무거운 차가 느리게 움직이거나 서 있으면, 포장이 하중을 받는 시간이 길어집니다. 여름 한낮처럼 포장이 뜨거울 때는 더 불리하고요. 교차로 포장을 연구한 국내 논문도 감속과 정차, 온도를 함께 따져야 한다고 봅니다. | I11: 86 | J11: 4.41 | K11: 한낮 열기 속 정류장, 노면 위 아지랑이(실제 현상 수준). 붉은 열화상 색 금지. | L11: 매미 소리 낮게, 공회전음 | M11: KF01-H | N11: ING 참조=KF01 · 8초×2 | O11: 온도 수치·열화상 없음 | P11: F08 | Q11: https://www.kci.go.kr/kciportal/ci/sereArticleSearch/ciSereArtiView.kci?sereArticleSearchBean.artiId=ART001685955 | R11: 생성 전
A12: C07 | B12: L02 정류장 바닥이 콘크리트인 이유 | C12: 84.5 | D12: 101 | E12: =D12-C12 | F12: =C12*Overview!$B$5 | G12: =D12*Overview!$B$5 | H12: 그래서 서울시는 이천십년, 공항대로의 한 버스정류장에 공장에서 만든 콘크리트 판을 깔아 시험했습니다. 이천이십년에는 정류장 여덟 곳에 같은 방식을 적용하겠다고 발표했죠. | I12: 72 | J12: 4.36 | K12: 야간 공사 재현: 크레인이 판을 내려놓음 → 편집에서 서울시 발표 서지 카드(날짜·제목) 4초. | L12: 크레인, 판 안착음 | M12: KF04 | N12: F2V 시작=KF04 · 8초×2 | O12: '재현' 표기 / 서지 카드는 원문 확인 후 | P12: F12 | Q12: https://mediahub.seoul.go.kr/archives/1288523 | R12: 생성 전
A13: C08 | B13: L02 정류장 바닥이 콘크리트인 이유 | C13: 101 | D13: 117.5 | E13: =D13-C13 | F13: =C13*Overview!$B$5 | G13: =D13*Overview!$B$5 | H13: 핵심은 간단합니다. 무게가 같은 자리에, 같은 방식으로, 반복해서 실리는 곳은 도로를 다르게 설계해야 한다는 겁니다. 이 원리를 기억해 두시고, 바이모달 트램으로 넘어가 보겠습니다. | I13: 73 | J13: 4.42 | K13: 완성된 판 구간 위를 버스가 지나가는 부감. | L13: 통과음, 지속음 복귀 | M13: KF02 | N13: F2V 시작=KF02 · 8초×2 | O13: 판 위 바퀴 자국 없음을 과장하지 않음 | P13: F12; F13 | Q13: https://mediahub.seoul.go.kr/archives/1288523 https://koreascience.kr/article/CFKO201123552845418.pdf | R13: 생성 전
A14: C09 | B14: L03 자석은 길을 알려줄 뿐 | C14: 117.5 | D14: 134.5 | E14: =D14-C14 | F14: =C14*Overview!$B$5 | G14: =D14*Overview!$B$5 | H14: 겉모습은 마디가 있는 긴 버스입니다. 고무 타이어로 달리고, 차체 가운데에서 꺾입니다. 운전자가 직접 몰 수도 있고, 도로에 묻힌 자석을 따라 스스로 길을 잡을 수도 있도록 설계됐습니다. | I14: 74 | J14: 4.35 | K14: 굴절 차량 3/4 측면 전경 → 굴절부가 곡선에서 꺾이는 모습. | L14: 주행 앰비언스 | M14: KF05 | N14: ING 참조=KF05 · 8초×2 | O14: 굴절부 1개·3축 유지 | P14: F02 | Q14: https://www.kric.go.kr/jsp/industry/knp/railCommonSenceDetail.jsp?p_id1=A010031131&p_id2=159&pageNo=6&q_name=1 | R14: 생성 전
A15: C10 | B15: L03 자석은 길을 알려줄 뿐 | C15: 134.5 | D15: 152.5 | E15: =D15-C15 | F15: =C15*Overview!$B$5 | G15: =D15*Overview!$B$5 | H15: 여기서 흔한 오해가 하나 있습니다. 자석이 차를 끌어당기는 게 아닙니다. 도로에 일정한 간격으로 묻힌 자석은 이정표에 가깝습니다. 차 밑의 센서가 그 자기장을 읽고, 제어장치가 조향을 맞춥니다. | I15: 78 | J15: 4.33 | K15: 센서가 마커 위를 지나가는 노면 시점 → 마커 하나를 담은 도로 코어 시편(실험대 위). | L15: 주행음, 시험실 정적 | M15: KF06 → KF06-C | N15: F2V 시작=KF06 · 8초 + F2V 시작=KF06-C · 8초 | O15: 비접촉 / 레이저·빛 없음 / 자석 크기 과장 금지 | P15: F01; F02 | Q15: https://patents.google.com/patent/KR100972385B1/ko https://www.kric.go.kr/jsp/industry/knp/railCommonSenceDetail.jsp?p_id1=A010031131&p_id2=159&pageNo=6&q_name=1 | R15: 생성 전
A16: C11 | B16: L03 자석은 길을 알려줄 뿐 | C16: 152.5 | D16: 163 | E16: =D16-C16 | F16: =C16*Overview!$B$5 | G16: =D16*Overview!$B$5 | H16: 그러니까 역할이 둘로 나뉩니다. 자석과 센서는 어디로 갈지를 정하고, 무게는 여전히 타이어와 도로가 받습니다. | I16: 45 | J16: 4.29 | K16: 센서에서 타이어 접지면으로 카메라가 한 번에 이동. | L16: 가벼운 전환 폴리 | M16: KF06 | N16: ING 참조=KF05,KF06 · 8초 | O16: 하부 부품 순간이동·소실 없음 | P16: F01; F02 | Q16: https://patents.google.com/patent/KR100972385B1/ko https://www.kric.go.kr/jsp/industry/knp/railCommonSenceDetail.jsp?p_id1=A010031131&p_id2=159&pageNo=6&q_name=1 | R16: 생성 전
A17: C12 | B17: L03 자석은 길을 알려줄 뿐 | C17: 163 | D17: 176.5 | E17: =D17-C17 | F17: =C17*Overview!$B$5 | G17: =D17*Overview!$B$5 | H17: 레일을 없앴다는 말은, 무게를 받칠 시설이 필요 없다는 뜻이 아닙니다. 철도에서 레일과 침목이 하던 일을, 이제 도로가 해야 한다는 뜻에 가깝습니다. | I17: 59 | J17: 4.37 | K17: 타이어 접지면에서 노면 절개 단면으로 내려가 포장층·지지층을 본다(공사 현장 실사 절개). | L17: 낮은 지속음 | M17: KF15 | N17: F2V 시작=KF15 · 8초×2 | O17: 층 두께 숫자 없음 | P17: F06 | Q17: https://www.fhwa.dot.gov/publications/research/infrastructure/pavements/11045/003.cfm | R17: 생성 전
A18: C13 | B18: L04 지나간 뒤에도 남는 눌림 | C18: 176.5 | D18: 191 | E18: =D18-C18 | F18: =C18*Overview!$B$5 | G18: =D18*Overview!$B$5 | H18: 도로 안을 들여다보겠습니다. 포장을 잘라 보면, 크고 작은 돌 알갱이가 빽빽하게 박혀 있습니다. 이 골재를 아스팔트 바인더가 붙잡고, 둘이 함께 무게를 견딥니다. | I18: 64 | J18: 4.41 | K18: 절단 시편 단면 매크로 슬라이더. | L18: 돌 질감 폴리 | M18: KF13 | N18: F2V 시작=KF13 · 8초×2 | O18: 골재가 젤리처럼 보이지 않음 | P18: F07 | Q18: https://link.springer.com/article/10.1186/s43065-023-00082-9 | R18: 생성 전
A19: C14 | B19: L04 지나간 뒤에도 남는 눌림 | C19: 191 | D19: 203 | E19: =D19-C19 | F19: =C19*Overview!$B$5 | G19: =D19*Overview!$B$5 | H19: 흔히 아스팔트가 엿처럼 녹아 흐른다고 말하지만, 정확한 그림은 아닙니다. 그렇다고 아무리 눌러도 꿈쩍 않는 돌덩이도 아닙니다. | I19: 52 | J19: 4.33 | K19: 같은 단면, 사광 각도만 천천히 변함. | L19: 정적에 가까움 | M19: KF13 | N19: F2V 시작=KF13 · 8초 | O19: 녹는 표현 금지 | P19: F07 | Q19: https://link.springer.com/article/10.1186/s43065-023-00082-9 | R19: 생성 전
A20: C15 | B20: L04 지나간 뒤에도 남는 눌림 | C20: 203 | D20: 219 | E20: =D20-C20 | F20: =C20*Overview!$B$5 | G20: =D20*Overview!$B$5 | H20: 포장 시험실에서는 이걸 바퀴 하나로 확인합니다. 하중을 실은 바퀴를 포장 시편 위에서 같은 줄을 따라 오가게 하는 시험입니다. 바퀴가 누르면, 포장이 아주 조금 내려갑니다. | I20: 69 | J20: 4.31 | K20: 휠트래킹 시험기 전경 → 바퀴 접지부 근접. | L20: 시험기 모터, 굴림 리듬 | M20: KF08 | N20: F2V 시작=KF08 · 8초×2 | O20: 바퀴 측방 이동 없음 / 계기 숫자 없음 | P20: F06 | Q20: https://www.fhwa.dot.gov/publications/research/infrastructure/pavements/11045/003.cfm | R20: 생성 전
A21: C16 | B21: L04 지나간 뒤에도 남는 눌림 | C21: 219 | D21: 237.5 | E21: =D21-C21 | F21: =C21*Overview!$B$5 | G21: =D21*Overview!$B$5 | H21: 중요한 건 바퀴가 떠난 다음입니다. 대부분은 되돌아오지만, 아주 일부가 남습니다. 다음 바퀴는 이미 조금 달라진 포장을 다시 누르게 되죠. 이 작은 차이가 쌓이는 것, 그게 오늘의 핵심입니다. | I21: 75 | J21: 4.05 | K21: 쇼츠 S09–S10과 같은 매크로. 바퀴 이탈 후 얕은 잔류 눌림을 2초 이상 유지. | L21: 굴림음 후 0.8초 정적 | M21: KF09A→KF09B | N21: F2V 시작=KF09A 끝=KF09B · 8초 + 정지 유지 | O21: 잔류가 식별되는가 / 과장 금지 | P21: F07 | Q21: https://link.springer.com/article/10.1186/s43065-023-00082-9 | R21: 생성 전
... A29: C24 | B29: L06 홈은 한 번에 생기지 않는다 | C29: 333.5 | D29: 343 | E29: =D29-C29 | F29: =C29*Overview!$B$5 | G29: =D29*Overview!$B$5 | H29: 결국 질문은 자동이냐 사람이냐가 아닙니다. 그 하중과 그 반복을, 도로가 견디도록 준비했느냐입니다. | I29: 41 | J29: 4.32 | K29: 일반 버스와 유도 차량이 같은 포장 위를 각각 지나감(같은 구도 매치컷). | L29: 두 차량 같은 음향 무게 | M29: KF03, KF05 | N29: ING 참조=KF03,KF05 · 8초×2 | O29: 사람=안전 / 자동=파괴 이분법 금지 | P29: F06; F08 | Q29: https://www.fhwa.dot.gov/publications/research/infrastructure/pavements/11045/003.cfm https://www.kci.go.kr/kciportal/ci/sereArticleSearch/ciSereArtiView.kci?sereArticleSearchBean.artiId=ART001685955 | R29: 생성 전
A30: C25 | B30: L07 개발진은 정말 몰랐을까 | C30: 343 | D30: 353 | E30: =D30-C30 | F30: =C30*Overview!$B$5 | G30: =D30*Overview!$B$5 | H30: 여기까지 오면 이런 의문이 듭니다. 차를 만든 사람들은, 도로가 이렇게 될 수 있다는 걸 몰랐을까요? | I30: 39 | J30: 3.9 | K30: 기록실. 스탠드 불이 켜짐. | L30: 스위치, 0.5초 정적 | M30: KF11 | N30: F2V 시작=KF11 · 8초 | O30: 읽히는 글자 없음 | P30: — | R30: 생성 전
A31: C26 | B31: L07 개발진은 정말 몰랐을까 | C31: 353 | D31: 368.5 | E31: =D31-C31 | F31: =C31*Overview!$B$5 | G31: =D31*Overview!$B$5 | H31: 이천구년에 출원된 특허 하나가 있습니다. 한국철도기술연구원과 현대엔지니어링이 출원한, 바이모달 트램의 유도용 자석을 도로에 설치하는 방법에 관한 문서입니다. | I31: 68 | J31: 4.39 | K31: 실제 특허 서지 캡처 합성(번호·출원일·출원인) 4–6초 → 마커 코어 시편으로 복귀. | L31: 종이 넘김 1회 | M31: KF11 + 캡처, KF06-C | N31: TRIM + 편집 합성 | O31: 생성형 문서 금지 / 출원인 표기 원문 대조 | P31: F01 | Q31: https://patents.google.com/patent/KR100972385B1/ko | R31: 생성 전
A32: C27 | B32: L07 개발진은 정말 몰랐을까 | C32: 368.5 | D32: 385.5 | E32: =D32-C32 | F32: =C32*Overview!$B$5 | G32: =D32*Overview!$B$5 | H32: 이 문서에는, 일반 아스팔트 포장에 하중이 집중되면 소성변형과 전단변형이 생길 수 있다고 적혀 있습니다. 대책으로 콘크리트 포장과 변형을 줄이는 재료, 정기적인 보수도 언급합니다. | I32: 74 | J32: 4.35 | K32: 해당 문단 캡처 하이라이트 → 아스팔트 시편과 콘크리트 시편에 같은 마커가 박힌 비교 정물. | L32: 두 재질 접촉음 | M32: KF16 | N32: F2V 시작=KF16 · 8초 | O32: '사후 개보수 공사' 재현으로 보이지 않게 | P32: F01 | Q32: https://patents.google.com/patent/KR100972385B1/ko | R32: 생성 전
A33: C28 | B33: L07 개발진은 정말 몰랐을까 | C33: 385.5 | D33: 404 | E33: =D33-C33 | F33: =C33*Overview!$B$5 | G33: =D33*Overview!$B$5 | H33: 그러니 아무도 예상하지 못했다는 이야기는 사실과 다릅니다. 다만 문서에 대책이 있다는 것과, 실제 현장에 그 대책이 적용됐다는 것은 다른 문제입니다. 그건 설계도와 시공 기록으로 따로 확인해야 합니다. | I33: 82 | J33: 4.43 | K33: 현장 쇠자 측정(쇼츠 S14 자산). | L33: 쇠자 금속음, 먼 차량음 | M33: KF19 | N33: F2V 시작=KF19 · 8초×2 | O33: 결함 단정 없음 | P33: F01 | Q33: https://patents.google.com/patent/KR100972385B1/ko | R33: 생성 전
A34: C29 | B34: L08 실제 운행 기록은 따로 본다 | C34: 404 | D34: 421 | E34: =D34-C34 | F34: =C34*Overview!$B$5 | G34: =D34*Overview!$B$5 | H34: 실제 운행 기록도 나눠서 보겠습니다. 인천교통공사는 이천십팔년, 청라 지역에 바이모달 트램 네 대를 투입한다고 발표했습니다. 만들자마자 버려진 차라는 이야기와는 결이 다릅니다. | I34: 74 | J34: 4.35 | K34: 실제 공사 발표 서지 카드 → 차량기지에 서 있는 굴절 차량(재현). | L34: 차량기지 환경음 | M34: KF17 | N34: F2V 시작=KF17 · 8초×2 | O34: 당시 실제 도색 재현 시도 금지(일반화 외형) | P34: F03 | Q34: https://www.ictr.or.kr/main/bbs/bbsMsgDetail.do?bcd=report&msg_seq=1928&pgno=108 | R34: 생성 전
A35: C30 | B35: L08 실제 운행 기록은 따로 본다 | C35: 421 | D35: 437.5 | E35: =D35-C35 | F35: =C35*Overview!$B$5 | G35: =D35*Overview!$B$5 | H35: 이천이십년 공사의 해명자료에는 차체 균열, 배터리 장치의 고압 퓨즈 불량, 기어박스 누유가 나옵니다. 공사는 균열 보강과 퓨즈 개선을 설명했고, 누유는 개선 중이라고 밝혔습니다. | I35: 72 | J35: 4.36 | K35: 해명자료 서지 카드 → 정비 피트에서 차체 하부를 비추는 작업등(부품 결함 형상 재현 없음). | L35: 정비 공간 환경음, 경고음 없음 | M35: KF17-P | N35: F2V 시작=KF17-P · 8초×2 | O35: 균열·누유 형상 임의 재현 금지 | P35: F04 | Q35: https://www.ictr.or.kr/main/bbs/bbsMsgDetail.do?bcd=reportexplain&msg_seq=2146 | R35: 생성 전
A36: C31 | B36: L08 실제 운행 기록은 따로 본다 | C36: 437.5 | D36: 447 | E36: =D36-C36 | F36: =C36*Overview!$B$5 | G36: =D36*Overview!$B$5 | H36: 이건 운영기관의 당시 설명입니다. 문제가 모두 해결됐다는 독립적인 판정과는 구분해야 합니다. | I36: 39 | J36: 4.11 | K36: 작업등이 꺼지고 차량 측면 실루엣. | L36: 정적 | M36: KF17-P | N36: TRIM(C30 여분) | O36: — | P36: F04 | Q36: https://www.ictr.or.kr/main/bbs/bbsMsgDetail.do?bcd=reportexplain&msg_seq=2146 | R36: 생성 전
A37: C32 | B37: L08 실제 운행 기록은 따로 본다 | C37: 447 | D37: 462.5 | E37: =D37-C37 | F37: =C37*Overview!$B$5 | G37: =D37*Overview!$B$5 | H37: 그리고 이 자료 어디에도, 도로가 파여서 이런 고장이 났다는 연결은 없습니다. 고장 기록은 무엇이 고장 났는지를 알려줄 뿐, 왜 고장 났는지는 별도의 조사가 필요합니다. | I37: 67 | J37: 4.32 | K37: 차량과 도로를 한 화면에 두고 카메라 정지. 연결선·화살표 없음. | L37: 대사 끝 0.6초 쉼 | M37: KF17 | N37: TRIM(C29 여분) | O37: 연쇄 고장 연출 금지 | P37: F03; F04 | Q37: https://www.ictr.or.kr/main/bbs/bbsMsgDetail.do?bcd=report&msg_seq=1928&pgno=108 https://www.ictr.or.kr/main/bbs/bbsMsgDetail.do?bcd=reportexplain&msg_seq=2146 | R37: 생성 전
A38: C33 | B38: L09 같은 자리를 밟는 차를 위한 길 | C38: 462.5 | D38: 472.5 | E38: =D38-C38 | F38: =C38*Overview!$B$5 | G38: =D38*Overview!$B$5 | H38: 그렇다면 같은 자리를 반복해서 밟는 차에는 어떤 길이 필요할까요. 처음에 본 정류장 바닥이 힌트입니다. | I38: 42 | J38: 4.2 | K38: 정류장 판 구간으로 복귀(KF01). | L38: 도시 환경음 | M38: KF01 | N38: TRIM(C01 여분) | O38: 수미상관 1차 | P38: F12 | Q38: https://mediahub.seoul.go.kr/archives/1288523 | R38: 생성 전
A39: C34 | B39: L09 같은 자리를 밟는 차를 위한 길 | C39: 472.5 | D39: 488 | E39: =D39-C39 | F39: =C39*Overview!$B$5 | G39: =D39*Overview!$B$5 | H39: 먼저 실제 축하중과 운행 횟수, 온도와 속도를 놓고 포장을 정합니다. 아스팔트라면 변형에 강한 혼합물과 시공 품질을 따지고, 필요한 구간은 콘크리트 포장을 검토합니다. | I39: 68 | J39: 4.39 | K39: 아스팔트 시편·콘크리트 시편 비교 정물(KF16) 슬라이더. | L39: 재질 차이 폴리 | M39: KF16 | N39: ING 참조=KF16 · 8초×2 | O39: '콘크리트가 무조건 정답' 구도 금지 | P39: F01; F06 | Q39: https://patents.google.com/patent/KR100972385B1/ko https://www.fhwa.dot.gov/publications/research/infrastructure/pavements/11045/003.cfm | R39: 생성 전
A40: C35 | B40: L09 같은 자리를 밟는 차를 위한 길 | C40: 488 | D40: 500 | E40: =D40-C40 | F40: =C40*Overview!$B$5 | G40: =D40*Overview!$B$5 | H40: 겉만 단단하게 바꿔서는 부족합니다. 그 아래 지지층과 배수, 자석을 묻은 방식, 나중에 보수하는 방법까지 함께 설계해야 합니다. | I40: 51 | J40: 4.25 | K40: 도로 절개면: 표층 → 지지층 → 배수관 → 마커 매립 위치를 한 번의 틸트로. | L40: 낮은 층별 폴리 | M40: KF15 | N40: F2V 시작=KF15 · 8초×2 | O40: 층 두께·철근량 숫자 없음 | P40: F01; F06 | Q40: https://patents.google.com/patent/KR100972385B1/ko https://www.fhwa.dot.gov/publications/research/infrastructure/pavements/11045/003.cfm | R40: 생성 전
A41: C36 | B41: L09 같은 자리를 밟는 차를 위한 길 | C41: 500 | D41: 509.5 | E41: =D41-C41 | F41: =C41*Overview!$B$5 | G41: =D41*Overview!$B$5 | H41: 새 차를 도로 위에 올리는 일이 아니라, 그 차가 매일 지나갈 길까지 하나의 시스템으로 만드는 일입니다. | I41: 41 | J41: 4.32 | K41: 유도 차로 전경 풀아웃: 차량·정류장·차로가 한 화면. | L41: 지속음 상승 없이 유지 | M41: KF05 | N41: ING 참조=KF05,KF02 · 8초 | O41: — | P41: 종합 | R41: 생성 전
A42: C37 | B42: L10 세금은 어디까지 계산해야 하나 | C42: 509.5 | D42: 524 | E42: =D42-C42 | F42: =C42*Overview!$B$5 | G42: =D42*Overview!$B$5 | H42: 비용 이야기도 빼놓을 수 없습니다. 도로까지 새로 손봐야 한다면, 차라리 철도가 낫지 않느냐는 질문이죠. 답은, 같은 조건으로 비교했느냐에 달려 있습니다. | I42: 62 | J42: 4.28 | K42: 실험대 위 축소 노선 모형(차량·정거장·차량기지). 숫자·그래프 없음. | L42: 중립 실내음 | M42: KF18 | N42: F2V 시작=KF18 · 8초×2 | O42: 가상의 비교 모형임을 내레이션·표기로 유지 | P42: 분석 | R42: 생성 전
A43: C38 | B43: L10 세금은 어디까지 계산해야 하나 | C43: 524 | D43: 538.5 | E43: =D43-C43 | F43: =C43*Overview!$B$5 | G43: =D43*Overview!$B$5 | H43: 같은 구간에서, 같은 승객을, 같은 기간 동안 나른다고 놓고 차량값과 도로, 정거장, 포장 보수, 부품 수급, 운행이 멈췄을 때의 대체 수송까지 함께 계산해야 합니다. | I43: 63 | J43: 4.34 | K43: 모형 위를 카메라가 차량 → 도로 → 정거장 → 정비고 순으로 한 방향 이동. | L43: 목소리 전면, 타격음 없음 | M43: KF18 | N43: ING 참조=KF18 · 8초×2 | O43: 금액·영수증·막대그래프 생성 금지 | P43: 분석 | R43: 생성 전
A44: C39 | B44: L10 세금은 어디까지 계산해야 하나 | C44: 538.5 | D44: 556.5 | E44: =D44-C44 | F44: =C44*Overview!$B$5 | G44: =D44*Overview!$B$5 | H44: 연구개발비와 차량값, 건설비를 한 숫자로 섞으면 무엇이 비쌌는지 알 수 없습니다. 무엇에 얼마를 썼고, 무엇을 검증했고, 보수는 누가 책임지는가. 세금을 제대로 감시하는 질문은 여기서 시작됩니다. | I44: 79 | J44: 4.39 | K44: 모형 전체를 한 프레임에 두고 정지. 비교 범위 전체가 보인다. | L44: 목소리 전면 | M44: KF18 | N44: ING 참조=KF18 · 8초×2 | O44: 낭비·우위 판정 아님 | P44: 분석 | R44: 생성 전
A45: C40 | B45: L11 정밀함은 문제이자 도구 | C45: 556.5 | D45: 572 | E45: =D45-C45 | F45: =C45*Overview!$B$5 | G45: =D45*Overview!$B$5 | H45: 이 문제는 지난 이야기가 아닙니다. 미국 연방도로청은 자동화 차량이 도로에 미치는 영향을 다룬 보고서에서, 바퀴의 좌우 분산이 줄면 포장 홈이 커질 수 있다고 봤습니다. | I45: 68 | J45: 4.39 | K45: FHWA 보고서 서지 카드 4초 → 고속도로 차로 부감, 차량들이 차로 안에서 조금씩 다른 위치로 통과. | L45: 고속 주행음 | M45: KF20 | N45: F2V 시작=KF20 · 8초×2 | O45: 특정 한국 차량 시험 결과로 오인 금지 | P45: F05 | Q45: https://www.fhwa.dot.gov/publications/research/operations/21015/21015.pdf | R45: 생성 전
A46: C41 | B46: L11 정밀함은 문제이자 도구 | C46: 572 | D46: 586.5 | E46: =D46-C46 | F46: =C46*Overview!$B$5 | G46: =D46*Overview!$B$5 | H46: 반대로 주행 위치를 조금씩 나눠 주는 제어가 포장에 유리할 수 있다는 연구도 소개합니다. 같은 정밀함이 하중을 모으는 데도, 나누는 데도 쓰일 수 있다는 겁니다. | I46: 64 | J46: 4.41 | K46: 쇼츠 S07 부감(KF07)으로 돌아와, 유도 차로의 좁은 띠를 다시 본다. | L46: 같은 통과 리듬 | M46: KF07 | N46: TRIM(C19 여분) | O46: 급격한 차선 내 사행 연출 금지 | P46: F05 | Q46: https://www.fhwa.dot.gov/publications/research/operations/21015/21015.pdf | R46: 생성 전
A47: C42 | B47: L11 정밀함은 문제이자 도구 | C47: 586.5 | D47: 600 | E47: =D47-C47 | F47: =C47*Overview!$B$5 | G47: =D47*Overview!$B$5 | H47: 다음에 정류장 앞에서 그 네모난 판을 보시면, 한 번 떠올려 보십시오. 레일은 없앨 수 있어도, 길의 설계까지 없앨 수는 없습니다. | I47: 50 | J47: 4 | K47: 쇼츠 S15와 같은 엔딩: 정류장 로우앵글에서 유도 차량이 떠나고 길이 남는다. | L47: 첫 장면의 주행음 → 환경음 1초 | M47: KF12 | N47: ING 참조=KF12 · 8초 | O47: 역재생 복원 금지 | P47: 종합 | R47: 생성 전

Sheet Flow_KF
A1: FLOW KEYFRAMES | 생성 순서 = 위험한 것부터
A3: LOCK 본문은 prompts/LOCKS.md · 선행 KF가 있으면 그 이미지를 확정·첨부한 뒤 순차 생성(병렬 금지) · 16:9 쌍둥이: 롱폼용으로 같은 장면을 가로로 재생성
A5: 순서 | B5: KF | C5: 사용 샷 | D5: 선행·참조 | E5: 프롬프트(EN, 피사체 선언 먼저) | F5: LOCK 태그(끝에 붙임) | G5: 16:9 쌍둥이 | H5: 상태
A6: 1 | B6: KF09A | C6: S09 · C16 | D6: — | E6: THE SUBJECT IS ONE SMALL PATCH OF ASPHALT SLAB SURFACE directly under a test wheel, seen in extreme close-up at the height of the slab with low grazing side light. Nearest to camera the flat specimen surface shows individual angular stones. The test wheel rests on the patch, pressing it, its tread filling about a third of the frame width; beyond the wheel the same flat surface continues and falls out of focus. The empty flat surface on the near side of the wheel is as important to this frame as the wheel itself. Vertical 9:16 framing. | F6: [LAB LOCK — WHEEL TRACKER] [STYLE LOCK — LAB] | G6: 필요 | H6: 생성 전
A7: 2 | B7: KF09B | C7: S09–S10 · C16 | D7: KF09A | E7: Reproduce the attached reference frame exactly: same camera position, height, lens, distance, light, grade and background. Change one thing only: the wheel has rolled out of frame, and where it pressed, the surface now holds a very shallow, soft-edged depression, barely deeper than the stones around it, made visible only by a thin crescent of shadow from the grazing light. The stones keep their hard angular shapes; nothing is cracked, melted or torn. | F7: [LAB LOCK — WHEEL TRACKER] [STYLE LOCK — LAB] | H7: 생성 전
A8: 3 | B8: KF10A | C8: S11 · C21 | D8: — | E8: THE SUBJECT IS THE STRAIGHT WHEEL PATH ACROSS A RECTANGULAR ASPHALT SLAB SPECIMEN, seen from a 45-degree angle with low raking light along its length. The slab is clamped in a steel mould inside the test chamber; the test wheel is parked at the far end of the slab. A plain steel straightedge without markings lies across the slab at right angles to the wheel path, resting flat on the surface, with no light visible beneath it. Vertical 9:16 framing. | F8: [LAB LOCK — WHEEL TRACKER] [STYLE LOCK — LAB] | G8: 필요 | H8: 생성 전
A9: 4 | B9: KF10B | C9: S11 · C21–C22 | D9: KF10A | E9: Reproduce the attached reference frame exactly: same camera, light, grade, mould, wheel position and straightedge position. Change one thing only: along the wheel path the slab now carries one smooth, shallow, rounded groove about the width of the wheel, with a faint low rounded rise along each edge. Under the straightedge a thin sliver of light shows through where the groove dips. The groove edges are soft and rounded, not knife-cut; the stones stay hard and angular. | F9: [LAB LOCK — WHEEL TRACKER] [STYLE LOCK — LAB] | H9: 생성 전
A10: 5 | B10: KF01 | C10: S01 · C01 · C33 | D10: — | E10: THE SUBJECT IS THE ROAD SURFACE OF A BUS STOPPING ZONE, seen from just above road level looking along the bus lane. Nearest to camera lies the worn asphalt with two shallow wheel-path grooves catching the low sunlight; a little further along begins the first precast concrete slab with a straight thin joint across the lane, and more slabs continue beyond it. Further along the lane the rear of a city bus is pulling away from the island shelter. The road surface is as important to this frame as the bus; keep it wide open and sharp. Vertical 9:16 framing. | F10: [CITY BUS LOCK] [STOP SITE LOCK] [STYLE LOCK — FIELD] | G10: 필요 | H10: 생성 전
A11: 6 | B11: KF02 | C11: S02 · C08 | D11: KF01 | E11: THE SUBJECT IS THE BUS LANE SEEN STRAIGHT DOWN FROM HIGH ABOVE, running from the bottom edge of the frame to the top edge. Nearest the start of the lane the reddish-brown asphalt carries two darker wheel-path bands; then the lane changes to a run of pale precast concrete slabs with straight joints beside the island shelter roof; after the slabs the asphalt resumes. General traffic lanes on both sides are empty. Vertical 9:16 framing. | F11: [STOP SITE LOCK] [STYLE LOCK — FIELD] | G11: 필요 | H11: 생성 전
A12: 7 | B12: KF03 | C12: S03 · C05 · C23 · C24 | D12: KF01 | E12: THE SUBJECT IS THE CONTACT BETWEEN ONE FRONT TYRE OF A CITY BUS AND THE ROAD, seen from the side at tyre height. The tyre is rolling slowly into the shallow groove just before the first concrete slab; the slab joint is visible a short distance ahead of the tyre. The tyre sidewall, the contact patch and the groove are all sharp. Vertical 9:16 framing. | F12: [CITY BUS LOCK] [STOP SITE LOCK] [STYLE LOCK — FIELD] | G12: 필요 | H12: 생성 전
A13: 8 | B13: KF05 | C13: S05 · C04 · C09 · C36 | D13: — | E13: THE SUBJECT IS A GUIDED ARTICULATED VEHICLE APPROACHING ALONG ITS OWN LANE, seen from a low front three-quarter angle. Nearest to camera the empty lane with its single centre line of small flush round plugs runs toward the vehicle; the vehicle is further along the lane, its whole length visible including the one bellows joint and all three axles. The empty lane in front of the vehicle is as important to this frame as the vehicle itself. Vertical 9:16 framing. | F13: [VEHICLE LOCK — GUIDED ARTICULATED] [GUIDEWAY SITE LOCK] [STYLE LOCK — FIELD] | G13: 필요 | H13: 생성 전
A14: 9 | B14: KF06 | C14: S06 · C10 · C11 | D14: KF05 | E14: THE SUBJECT IS THE GAP BETWEEN A FLAT SENSOR UNIT UNDER THE FRONT OF THE VEHICLE AND ONE ROUND FLUSH PLUG IN THE ROAD, seen from road level beside the front tyre. The sensor unit is a plain dark rectangular box mounted crosswise under the floor a hand's width above the road; the round plug sits flush in the lane centre directly below it. Nothing touches; no light, no beam, no glow passes between them. The front tyre stands to one side of the plug. Vertical 9:16 framing. | F14: [VEHICLE LOCK — GUIDED ARTICULATED] [GUIDEWAY SITE LOCK] [STYLE LOCK — FIELD] | G14: 필요 | H14: 생성 전
A15: 10 | B15: KF07 | C15: S07 · C19 · C20 · C41 | D15: — | E15: THE SUBJECT IS THE PATTERN OF TYRE MARKS ON TWO NEIGHBOURING LANES, seen straight down from high above, both lanes running from the bottom edge of the frame to the top edge. On the guided lane the tyre marks form two narrow, sharply defined darker bands on either side of the line of round plugs. Across the low kerb, on the ordinary lane, the tyre marks are spread into two much wider, softer, fainter bands. No vehicles in frame. Vertical 9:16 framing. | F15: [GUIDEWAY SITE LOCK — ADJACENT LANE VARIANT] [STYLE LOCK — FIELD] | G15: 필요 | H15: 생성 전
A16: 11 | B16: KF04 | C16: S04 · C07 | D16: — | E16: THE SUBJECT IS ONE PRECAST CONCRETE SLAB BEING SET DOWN INTO AN EMPTY RECTANGULAR BED IN THE BUS LANE at night, hanging level from four chains under a small mobile crane, a hand's width above its bed. Work lights give a soft white glow; two workers in plain high-visibility vests stand far away with their backs to camera. Neighbouring slabs already laid continue beyond. No logos, no text on vests, crane or barriers. Vertical 9:16 framing. | F16: [STOP SITE LOCK] [STYLE LOCK — FIELD] | G16: 필요 | H16: 생성 전
A17: 12 | B17: KF08 | C17: S08 · C15 | D17: KF10A | E17: Using the attached reference for machine design, light and grade: THE SUBJECT IS THE WHOLE WHEEL-TRACKING MACHINE seen from the front at bench height, the glass chamber doors open, the test wheel mid-stroke on the slab. Wide dark space on both sides of the machine. Vertical 9:16 framing. | F17: [LAB LOCK — WHEEL TRACKER] [STYLE LOCK — LAB] | G17: 필요 | H17: 생성 전
A18: 13 | B18: KF01-D | C18: C02 · C03 | D18: KF01 | E18: Using the attached reference for place, light and grade: the camera now sits closer to the road, travelling sideways across the worn asphalt just before the first concrete slab. The two shallow wheel-path grooves and a faint low ripple of shoved asphalt beside them fill the frame. No potholes, no cracks wider than a hairline, no water. Horizontal 16:9 framing. | F18: [STOP SITE LOCK] [STYLE LOCK — FIELD] | H18: 생성 전
A19: 14 | B19: KF11 | C19: S12–S13 · C25–C26 | D19: — | E19: THE SUBJECT IS AN EMPTY PATCH OF DARK WOODEN TABLETOP under a desk lamp, kept clear for a document to be placed later. Around that clear patch: plain closed grey folders, a magnifying glass, reading glasses. The clear tabletop patch is as important to this frame as the objects. Vertical 9:16 framing. | F19: [ARCHIVE LOCK] [STYLE LOCK — LAB] | G19: 필요 | H19: 생성 전
A20: 15 | B20: KF19 | C20: S14 · C28 | D20: KF10B | E20: Using the attached lab reference only for the straightedge: THE SUBJECT IS A PLAIN STEEL STRAIGHTEDGE BEING LAID ACROSS ONE WHEEL PATH OF THE GUIDED LANE by a gloved hand, seen from road level. The line of round plugs is visible beside the wheel path. Only the glove and forearm of the person appear. Vertical 9:16 framing. | F20: [GUIDEWAY SITE LOCK] [STYLE LOCK — FIELD] | G20: 필요 | H20: 생성 전
A21: 16 | B21: KF12 | C21: S15 · C42 | D21: KF01 | E21: Reproduce the attached reference frame exactly: same camera position, height, lens, light, grade, shelter, slabs and grooves. Change one thing only: the vehicle pulling away further along the lane is now the guided articulated vehicle instead of the city bus. Vertical 9:16 framing. | F21: [VEHICLE LOCK — GUIDED ARTICULATED] [STOP SITE LOCK] [STYLE LOCK — FIELD] | G21: 필요 | H21: 생성 전
A22: 17 | B22: KF01-H | C22: C06 · C23 | D22: KF01 | E22: Using the attached reference for place and composition: midsummer noon, hard high sun, faint natural heat shimmer just above the asphalt, a city bus idling at the shelter with its front wheel resting in the groove before the first slab. No thermal colours, no glow. Horizontal 16:9 framing. | F22: [CITY BUS LOCK] [STOP SITE LOCK] [STYLE LOCK — FIELD] | H22: 생성 전
A23: 18 | B23: KF13 | C23: C13 · C14 | D23: — | E23: THE SUBJECT IS THE SAW-CUT FACE OF AN ASPHALT SLAB seen straight on in macro, filling the frame from edge to edge, the stones sharp and angular, the black binder a thin film between them, low side light raking across the cut face. Horizontal 16:9 framing. | F23: [SPECIMEN LOCK — CUT SLAB] [STYLE LOCK — LAB] | H23: 생성 전
A24: 19 | B24: KF06-C | C24: C10 · C26 | D24: — | E24: THE SUBJECT IS A CYLINDRICAL CORE SAMPLE OF ROAD PAVEMENT STANDING ON A MATTE BLACK BENCH, sliced in half lengthwise so its cut face looks at the camera. In the top layer of the core a small plain cylindrical magnet sits in a drilled pocket sealed flush with the road surface. Around the core is wide empty black space. Horizontal 16:9 framing. | F24: [SPECIMEN LOCK — CUT SLAB] [STYLE LOCK — LAB] | H24: 생성 전
A25: 20 | B25: KF07B | C25: C20 | D25: KF07 | E25: Reproduce the attached reference frame exactly: same camera, height, light, grade and lanes. Change one thing only: on the guided lane the two narrow bands are now slightly darker and very slightly sunken, catching a thin line of shadow; the ordinary lane is unchanged. Horizontal 16:9 framing. | F25: [GUIDEWAY SITE LOCK — ADJACENT LANE VARIANT] [STYLE LOCK — FIELD] | H25: 생성 전
A26: 21 | B26: KF08-W | C26: C17 | D26: KF08 | E26: Using the attached reference for machine design, light and grade: two identical wheel-tracking machines stand side by side in the same room, both at the same distance from camera and both fully visible. Identical slabs, identical wheels, identical weight stacks. One single continuous photograph, no split, no seam. Horizontal 16:9 framing. | F26: [LAB LOCK — WHEEL TRACKER] [STYLE LOCK — LAB] | H26: 생성 전
A27: 22 | B27: KF13-R | C27: C22 | D27: KF13 | E27: Reproduce the attached reference frame exactly in camera, light and grade. Change one thing only: the slab surface along the top of the cut face now dips in one smooth shallow rounded groove; under the groove the stones sit slightly closer together, and beside the groove the surface rises very slightly. The stones keep their shapes. Horizontal 16:9 framing. | F27: [SPECIMEN LOCK — CUT SLAB] [STYLE LOCK — LAB] | H27: 생성 전
A28: 23 | B28: KF14 | C28: C18 | D28: KF02 | E28: Using the attached reference for place, height and grade: the bus lane seen straight down between stops, on plain reddish-brown asphalt. One city bus is passing, slightly left of the lane centre. The worn tyre bands on the asphalt are wide and soft-edged. Horizontal 16:9 framing. | F28: [CITY BUS LOCK] [STOP SITE LOCK] [STYLE LOCK — FIELD] | H28: 생성 전
A29: 24 | B29: KF15 | C29: C12 · C35 · C23 | D29: — | E29: THE SUBJECT IS THE CLEAN VERTICAL WALL OF A NARROW ROAD-WORKS TRENCH cut across a city lane, seen straight on in daylight: the dark asphalt surface layer at the top, a thicker grey crushed-stone base below it, compacted earth further down, and a plain drainage pipe end visible near the bottom. No people, no machines, no signs. Horizontal 16:9 framing. | F29: [STYLE LOCK — FIELD] | H29: 생성 전
A30: 25 | B30: KF16 | C30: C27 · C34 | D30: KF06-C | E30: THE SUBJECT IS TWO ROAD SAMPLE BLOCKS STANDING SIDE BY SIDE on a matte black bench at the same distance from camera: on the left a dark asphalt block, on the right a pale concrete block, each with the same small round flush plug set into its top surface. Equal light, equal size, wide empty space around them. Horizontal 16:9 framing. | F30: [SPECIMEN LOCK — CUT SLAB] [STYLE LOCK — LAB] | H30: 생성 전
A31: 26 | B31: KF17 | C31: C29 · C32 | D31: KF05 | E31: Using the attached reference for vehicle shape: THE SUBJECT IS THE VEHICLE STANDING ALONE INSIDE A CLEAN, DIM MAINTENANCE DEPOT, seen side-on at waist height, full length visible, concrete floor, high roof lights off, soft daylight from a far doorway. Horizontal 16:9 framing. | F31: [VEHICLE LOCK — GUIDED ARTICULATED] [STYLE LOCK — FIELD] | H31: 생성 전
A32: 27 | B32: KF17-P | C32: C30 · C31 | D32: KF17 | E32: Using the attached reference for depot, vehicle and grade: seen from inside the inspection pit under the vehicle, one plain work lamp lighting the underside of the floor and the drive area. Nothing broken, nothing leaking, no warning lights, no people. Horizontal 16:9 framing. | F32: [VEHICLE LOCK — GUIDED ARTICULATED] [STYLE LOCK — FIELD] | H32: 생성 전
A33: 28 | B33: KF18 | C33: C37–C39 | D33: — | E33: THE SUBJECT IS A TABLETOP SCALE MODEL OF ONE CITY TRANSIT CORRIDOR on a matte grey bench: a single model road with one small white articulated vehicle, two small station shelters, and a small depot building at one end, all in plain white and grey model materials. No numbers, no labels, no charts. Wide empty bench space around it. Horizontal 16:9 framing. | F33: [STYLE LOCK — LAB] | H33: 생성 전
A34: 29 | B34: KF20 | C34: C40 | D34: — | E34: THE SUBJECT IS ONE LANE OF A MULTI-LANE HIGHWAY SEEN STRAIGHT DOWN FROM HIGH ABOVE, with a few plain unbranded cars and trucks spaced far apart, each sitting at a slightly different position across the width of the lane. Plain white lane lines only. No text, no signs. Horizontal 16:9 framing. | F34: [STYLE LOCK — FIELD] | H34: 생성 전

Sheet Flow_Clips
A1: FLOW CLIPS | 샷별 생성 방식
A3: F2V = Frames to Video(시작/끝 프레임) · ING = Ingredients to Video(참조 최대 3장) · TRIM = 기존 클립 재사용 · 8초×n = 같은 시작 프레임으로 n개 생성 또는 Extend
A5: 클립 | B5: 샷 | C5: 키프레임 | D5: 방식 | E5: 규격 | F5: 움직임 지시 | G5: 비고
A6: SH-S01 | B6: S01 | C6: KF01 | D6: F2V 시작=KF01 | E6: 9:16 · 8초 생성 → 트림 | F6: 0.0-0.6 the bus rear is already moving away; 0.6-3.0 the bus shrinks into the distance; the camera stays still on the road surface; 3.0-4.0 an extremely slow push-in toward the first slab joint. The road does not change. | G6: Veo 오디오는 앰비언스 참고만, VO 트랙과 분리
A7: SH-S02 | B7: S02 | C7: KF02 | D7: F2V 시작=KF02 | E7: 9:16 · 8초 생성 → 트림 | F7: Locked overhead view; the camera descends very slightly; one distant car crosses in a general lane. The lane surface does not change. | G7: Veo 오디오는 앰비언스 참고만, VO 트랙과 분리
A8: SH-S03 | B8: S03 | C8: KF03 | D8: F2V 시작=KF03 | E8: 9:16 · 8초 생성 → 트림 | F8: The front tyre rolls slowly into frame, decelerates and stops inside the groove just before the slab joint; the tyre rotation matches its speed exactly; the bus body settles slightly on its suspension. | G8: Veo 오디오는 앰비언스 참고만, VO 트랙과 분리
A9: SH-S04 | B9: S04 | C9: KF04 | D9: F2V 시작=KF04 | E9: 9:16 · 8초 생성 → 트림 | F9: The hanging slab descends slowly the last hand's width and settles into its bed; the chains slacken; the camera stays locked. | G9: Veo 오디오는 앰비언스 참고만, VO 트랙과 분리
A10: SH-S05 | B10: S05 | C10: KF05 | D10: F2V 시작=KF05 | E10: 9:16 · 8초 생성 → 트림 | F10: The vehicle advances steadily toward camera along the lane until its front fills most of the frame; the bellows joint flexes only slightly; the camera stays locked. | G10: Veo 오디오는 앰비언스 참고만, VO 트랙과 분리
A11: SH-S06 | B11: S06 | C11: KF06 | D11: F2V 시작=KF06 | E11: 9:16 · 8초 생성 → 트림 | F11: The camera travels forward at road level together with the vehicle; the sensor unit passes over one round plug and then the next; nothing touches, nothing glows. | G11: Veo 오디오는 앰비언스 참고만, VO 트랙과 분리
A12: SH-S07 | B12: S07 | C12: KF07 | D12: F2V 시작=KF07 | E12: 9:16 · 8초 생성 → 트림 | F12: Locked overhead view; one guided vehicle passes along its lane with its tyres exactly on the narrow bands; moments later one bus passes in the ordinary lane slightly off-centre. | G12: Veo 오디오는 앰비언스 참고만, VO 트랙과 분리
A13: SH-S08 | B13: S08 | C13: KF08 | D13: F2V 시작=KF08 | E13: 9:16 · 8초 생성 → 트림 | F13: The test wheel rolls back and forth along its one straight line, steady rhythm; the camera stays locked; the wheel never moves sideways. | G13: Veo 오디오는 앰비언스 참고만, VO 트랙과 분리
A14: SH-S09 | B14: S09 | C14: KF09A→KF09B | D14: F2V 시작=KF09A 끝=KF09B | E14: 9:16 · 8초 생성 → 트림 | F14: Start on the first frame with the wheel pressing; the wheel rolls away out of frame; the camera does not follow; the slab surface settles into the end frame. | G14: Veo 오디오는 앰비언스 참고만, VO 트랙과 분리
A15: SH-S10 | B15: S10 | C15: KF09B | D15: TRIM(S09 클립 끝 2초) 또는 F2V 시작=끝=KF09B | E15: 9:16 · 8초 생성 → 트림 | F15: (TRIM/편집 합성 — 신규 생성 없음) | G15: Veo 오디오는 앰비언스 참고만, VO 트랙과 분리
A16: SH-S11 | B16: S11 | C16: KF10A→KF10B | D16: F2V 시작=KF10A 끝=KF10B | E16: 9:16 · 8초 생성 → 트림 | F16: Time-lapse: the test wheel passes back and forth many times, faster and faster, as the groove deepens smoothly; the wheel parks; a gloved hand lays the straightedge across and a thin sliver of light appears beneath it, matching the end frame. | G16: Veo 오디오는 앰비언스 참고만, VO 트랙과 분리
... A20: SH-S15 | B20: S15 | C20: KF12 | D20: F2V 시작=KF12 | E20: 9:16 · 8초 생성 → 트림 | F20: The guided vehicle pulls away and shrinks into the distance; after it has gone the camera holds still on the road for one more second. The road surface does not change. | G20: Veo 오디오는 앰비언스 참고만, VO 트랙과 분리
A21: LF-C01 | B21: C01 | C21: KF01(16:9) | D21: ING 참조=KF01 · 8초×2 | E21: 16:9 | F21: 정류장 로우앵글. 버스가 떠나며 판과 줄눈이 드러난다.
A22: LF-C02 | B22: C02 | C22: KF01-D | D22: F2V 시작=KF01-D · 8초×2 | E22: 16:9 | F22: 판 직전 아스팔트를 사광으로 따라가는 슬라이더. 홈과 측방 융기.
A23: LF-C03 | B23: C03 | C23: KF01 → KF05 | D23: F2V 시작=KF01-D 끝=KF05(16:9) · 8초 | E23: 16:9 | F23: 두 줄 홈에서 틸트 업 → 멀리 유도 차로 위 굴절 차량 실루엣.
A24: LF-C04 | B24: C04 | C24: KF05 | D24: ING 참조=KF05 · 8초×2 | E24: 16:9 | F24: 차량 앞바퀴 접지면으로 천천히 다가가 정지.
A25: LF-C05 | B25: C05 | C25: KF03 | D25: F2V 시작=KF03 · 8초×2 | E25: 16:9 | F25: 버스 감속·정차·출발 3단계를 같은 측면 구도로 연결.
A26: LF-C06 | B26: C06 | C26: KF01-H | D26: ING 참조=KF01 · 8초×2 | E26: 16:9 | F26: 한낮 열기 속 정류장, 노면 위 아지랑이(실제 현상 수준). 붉은 열화상 색 금지.
A27: LF-C07 | B27: C07 | C27: KF04 | D27: F2V 시작=KF04 · 8초×2 | E27: 16:9 | F27: 야간 공사 재현: 크레인이 판을 내려놓음 → 편집에서 서울시 발표 서지 카드(날짜·제목) 4초.
A28: LF-C08 | B28: C08 | C28: KF02 | D28: F2V 시작=KF02 · 8초×2 | E28: 16:9 | F28: 완성된 판 구간 위를 버스가 지나가는 부감.
A29: LF-C09 | B29: C09 | C29: KF05 | D29: ING 참조=KF05 · 8초×2 | E29: 16:9 | F29: 굴절 차량 3/4 측면 전경 → 굴절부가 곡선에서 꺾이는 모습.
A30: LF-C10 | B30: C10 | C30: KF06 → KF06-C | D30: F2V 시작=KF06 · 8초 + F2V 시작=KF06-C · 8초 | E30: 16:9 | F30: 센서가 마커 위를 지나가는 노면 시점 → 마커 하나를 담은 도로 코어 시편(실험대 위).
A31: LF-C11 | B31: C11 | C31: KF06 | D31: ING 참조=KF05,KF06 · 8초 | E31: 16:9 | F31: 센서에서 타이어 접지면으로 카메라가 한 번에 이동.
A32: LF-C12 | B32: C12 | C32: KF15 | D32: F2V 시작=KF15 · 8초×2 | E32: 16:9 | F32: 타이어 접지면에서 노면 절개 단면으로 내려가 포장층·지지층을 본다(공사 현장 실사 절개).
... A62: LF-C42 | B62: C42 | C62: KF12 | D62: ING 참조=KF12 · 8초 | E62: 16:9 | F62: 쇼츠 S15와 같은 엔딩: 정류장 로우앵글에서 유도 차량이 떠나고 길이 남는다.

Sheet Sources
A1: SOURCES | 원문 · 작성일 · 사용 범위 · 확인 상태
A3: 열람 기준 2026-10-08
A5: ID | B5: 자료 | C5: 작성일 | D5: URL | E5: 사용 | F5: 제한 | G5: 확인 상태
A6: F01 | B6: 특허 KR100972385B1 — 바이모달 트램 자기 유도용 자석의 도로 설치 방법 | C6: 2009-10-27 출원 / 2010-07-27 공고 | D6: https://patents.google.com/patent/KR100972385B1/ko | E6: 자기 유도 방식, 아스팔트 집중하중에 따른 소성·전단변형 위험, 콘크리트 포장·변형 저감 재료·정기 보수 언급 | F6: 특허가 있다는 사실은 현장 적용·성능·고장 원인의 증거가 아니다. 비용 추정치는 쓰지 않는다. | G6: R2 원문확인 · R3 세션 접근 차단 → 녹음 전 KIPRIS에서 문장 재대조
A7: F02 | B7: 철도산업정보센터 — 바이모달 트램 | C7: 개념·개발 경위 | D7: https://www.kric.go.kr/jsp/industry/knp/railCommonSenceDetail.jsp?p_id1=A010031131&p_id2=159&pageNo=6&q_name=1 | E7: 고무차륜·굴절 차체·자기 유도·수동/자동 이중 모드 개념, 국내 개발 | F7: 설계 기능과 실제 노선에서 쓴 운전 모드를 구별한다. | G7: R2 원문확인
A8: F03 | B8: 인천교통공사 — 청라 GRT 바이모달 트램 투입 | C8: 2018-04-18 | D8: https://www.ictr.or.kr/main/bbs/bbsMsgDetail.do?bcd=report&msg_seq=1928&pgno=108 | E8: 2018년 청라에 바이모달 트램 4대 투입 발표 | F8: 다른 지역 차량의 처분이나 2026년 현황을 증명하지 않는다. | G8: R2 원문확인
A9: F04 | B9: 인천교통공사 — 바이모달트램 관련 언론보도 해명 | C9: 2020-12-03 | D9: https://www.ictr.or.kr/main/bbs/bbsMsgDetail.do?bcd=reportexplain&msg_seq=2146 | E9: 차체 균열·고압퓨즈·기어박스 누유와 당시 조치 | F9: 운영기관 설명이다. 독립 조사 결론이나 도로 파임 원인설로 넓히지 않는다. | G9: R2 원문확인
A10: F05 | B10: FHWA — Impacts of Automated Vehicles on Highway Infrastructure (FHWA-HRT-21-015) | C10: 2021-03, 인쇄 쪽 41–43 | D10: https://www.fhwa.dot.gov/publications/research/operations/21015/21015.pdf | E10: 좌우 주행 위치 분산이 줄면 포장 홈이 커질 수 있음, 위치를 분산시키는 제어 연구 | F10: 특정 한국 차량의 고장 원인이나 수명 단축률을 증명하지 않는다. | G10: R2 원문확인
A11: F06 | B11: FHWA — Performance Testing for Superpave and Structural Validation, Ch.3 (FHWA-HRT-11-045) | C11: 2012-11 | D11: https://www.fhwa.dot.gov/publications/research/infrastructure/pavements/11045/003.cfm | E11: 반복 바퀴 하중·온도·재료 조건과 소성변형, 하부층 기여 | F11: 영상의 시험 장면은 이 시험의 수치·장비를 그대로 재현한 것이 아니다. | G11: R2 원문확인
A12: F07 | B12: Deng 외 — Modeling the rutting performance of asphalt pavements | C12: 2023 | D12: https://link.springer.com/article/10.1186/s43065-023-00082-9 | E12: 골재·바인더 복합재, 시간·온도 의존 반응, 잔류변형 | F12: 포장 전체가 액체처럼 흐른다는 표현 금지. | G12: R2 원문확인
A13: F08 | B13: 최준성 외 — 교차로 포장 소성변형 저감을 위한 해석적 연구 (한국도로학회 14(4)) | C13: 2012 | D13: https://www.kci.go.kr/kciportal/ci/sereArticleSearch/ciSereArtiView.kci?sereArticleSearchBean.artiId=ART001685955 | E13: 감속·정차·온도·포장 선택을 함께 검토해야 함 | F13: 모든 정류장 파임의 원인을 이 논문 하나로 단정하지 않는다. | G13: R2 원문확인
A14: F09 | B14: Talebsafa — Optimization of Concrete Pavement Design to Truck Platoon Loading (UTA) | C14: 2021 | D14: https://mavmatrix.uta.edu/civilengineering_dissertations/417/ | E14: 횡방향 위치 분산과 집중 통과 비교 개념 | F14: 트럭·콘크리트 수치를 한국 트램·아스팔트에 옮기지 않는다. | G14: R2 원문확인
A15: F10 | B15: YouTube Blog — YouTube Shorts deep dive | C15: 2025-01-28 | D15: https://blog.youtube/creator-and-artist-stories/youtube-shorts-deep-dive/ | E15: 첫 순간의 관심 유발, 짧은 이야기의 완결 | F15: 알고리즘 공식·유지율 보장으로 쓰지 않는다. | G15: R2 원문확인
A16: F11 | B16: YouTube Blog — Cracking the code to YouTube Shorts | C16: 2026-01-15 | D16: https://blog.youtube/creator-and-artist-stories/cracking-the-code-to-youtube-shorts/ | E16: 친숙한 소재, 예상 뒤집기 | F16: 장르 전체 통계로 단정하지 않는다. | G16: R2 원문확인
... A19: F14 | B19: 강남구 — 선릉로 버스정류장 고강성 프리캐스트 콘크리트 포장 | C19: 2025 전후(재확인) | D19: https://www.gangnam.go.kr/board/B_000031/1074649/view.do?mid=ID01 | E19: 자치구 단위에서도 정류장 구간을 프리캐스트 콘크리트로 교체한 사례 | F19: 구청 발표의 성능 설명을 독립 검증 결과로 쓰지 않는다. 내레이션에는 넣지 않고 롱폼 B롤 참고로만. | G19: 검색확인 · 원문 접근 차단

Sheet Claims
A1: CLAIMS | 원문 → R2 → R3
A3: R3은 R2의 사실 교정을 모두 유지하고 훅·구조·연출을 바꿨다
A5: 항목 | B5: 원문 | C5: R2 처리 | D5: R3 처리 | E5: 근거
A6: 훅 | B6: 900억짜리 차가 폐차장으로 | C6: 삭제. 도로 흔적에서 시작 | D6: 누구나 본 '정류장 앞 콘크리트 판'에서 시작. 생활 관찰 → 원리 → 바이모달 트램 | E6: F12; F13
A7: 금액 | B7: 900억 / 수백억 콘크리트 | C7: 삭제 | D7: 유지(삭제). 롱폼 L10에서 '비교 조건'만 제시 | E7: —
A8: 폐차 서사 | B8: 만들자마자 폐차 | C8: 삭제, 2018 청라 4대 투입 기록 제시 | D8: 유지. 롱폼 C29에서 '결이 다르다'로 정리 | E8: F03
A9: 유도 원리 | B9: 레이저가 자석을 스캔 | C9: 자기장을 읽는 센서 | D9: 유지 + '이정표에 가깝다' 비유, 센서·마커 비접촉 화면 | E9: F01; F02
A10: 정밀도 수치 | B10: 0.1cm / 0.001% | C10: 삭제 | D10: 유지(삭제). '거의 같은 줄' | E10: —
A11: 사람 운전 버스 | B11: 파임 없음 | C11: 교정: 위치 분산 vs 집중 | D11: 강화: 정류장 훅 자체가 '사람이 모는 버스도 홈을 만든다'를 증명 | E11: F08; F12
A12: 재료 | B12: 아스팔트가 엿처럼 녹음 | C12: 골재·바인더 복합재 | D12: 유지 + 시험실 휠트래킹·절단 시편 실사 화면으로 시각화 | E12: F06; F07
A13: 연쇄 고장 | B13: 파임→센서 먹통→유압 파열 | C13: 삭제 | D13: 유지(삭제). 롱폼 C32에서 '연결 자료 없음' 명시 | E13: F04
A14: 설계자 무지 | B14: 몰랐다 | C14: 특허 반증 | D14: 유지. 쇼츠 S12–S13 반전 구간으로 승격 | E14: F01
A15: 경제성 | B15: 경전철이 무조건 싸다 | C15: 판정 대신 비교 조건 | D15: 유지. '세금 감시 질문'으로 타깃 관심사와 연결 | E15: —
A16: 신규: 정류장 콘크리트 | B16: — | C16: — | D16: 서울시 2010 공항대로 시범·2020 정류장 8곳 발표. 시 발표 성능 수치(포트홀 0건·7년/20년)는 쓰지 않음 | E16: F12
A17: 신규: 쇠자 측정 | B17: — | C17: — | D17: 직선자로 홈 깊이를 보는 측정 방식을 '증거 화면'으로 사용. 눈금·숫자는 화면에 넣지 않음 | E17: F06

Sheet QA
A1: QA | 제작 조건 · 확인하지 않은 범위
A5: # | B5: 조건
A6: 1 | B6: Flow 단독 생성: 모든 실사 화면은 Flow(이미지 생성 → Frames to Video / Ingredients to Video / Extend)로 만든다. 예외는 실제 문서 서지 캡처 합성(F01·F03·F04·F05·F12)뿐이며, 이는 증거를 보여주기 위한 것이다. 생성형 가짜 문서 금지.
A7: 2 | B7: 한글: Veo는 한글을 깨뜨린다. 자막·라벨·서지 카드는 전부 편집에서 넣는다. 생성 이미지에 글자가 한 자라도 보이면 불합격.
A8: 3 | B8: 자막(45~75세 대상): 화면 높이의 6% 이상 크기, 최대 2줄, 흰 글자 + 반투명 검정 띠. 쇼츠는 하단 1/3 위쪽(UI 가림 회피). 핵심 단어 1개만 노란색.
A9: 4 | B9: 쇼츠는 9:16로 네이티브 생성한다. 롱폼은 16:9로 따로 생성하되 쇼츠 확정 키프레임을 참조로 첨부한 '16:9 쌍둥이'로 만든다. 9:16을 잘라 16:9로 쓰지 않는다(해상도·구도 손실).
A10: 5 | B10: 쌍 컷(KF09A→B, KF10A→B, KF07→B, KF13→R, KF01→KF12)은 선행 KF 확정 후 참조 첨부로 순차 생성한다. 병렬 생성 금지.
A11: 6 | B11: 잔류변형의 크기: 시험실 매크로에서도 '얕게'. 쇠자 밑 빛 틈이 보이는 정도가 상한이다. 깊은 도랑·균열·포트홀은 정확성 위반.
A12: 7 | B12: 시험 장면은 '원리 재현'이다. 실제 시험 결과·횟수·깊이를 화면에 표시하지 않는다. 쇼츠 S08–S11, 롱폼 C15–C22에 '재현' 표기를 편집에서 작게 넣는다.
A13: 8 | B13: 차량은 일반화 외형이다. 실제 차량 도색·로고·형식 재현 시도 금지. 굴절부 1개·3축 유지가 형상 검수 기준.
A14: 9 | B14: 근거 F01(특허 문장), F12(서울시 발표 게시일·문장), F13(논문 서지), F14는 이번 세션에서 원문 사이트 접근이 차단돼 검색 색인 인용으로만 확인했다. 녹음 전 원문을 직접 열어 대조한다.
A15: 10 | B15: 청라 노선에서 자동 유도 모드를 실제로 썼는지는 확인하지 않았다. 대본은 '설계됐다'로만 말한다.
A16: 11 | B16: 타깃 판단은 편집 판단이다. 채널 분석 데이터, 유지율, 클릭률을 조회하지 않았다.
A17: 12 | B17: Veo 생성 오디오는 앰비언스 참고용. 최종 사운드는 VO + 효과음 + 환경음을 편집에서 믹스한다. 정류장·시험실의 '쉼' 구간(S09–S10, C16)은 음악을 뺀다.
... A20: 15 | B20: 플랫폼 AI 생성 콘텐츠 표시: 업로드 시 사실적 합성 콘텐츠 표시 항목을 켠다.
